{"scope.version":"2","timeline.animationMode":"proMode","viewport.width":1280,"viewport.height":740,"library.panelWidth":226,"library.sortColumn":"name","library.sortDirection":"ascending","library.columnWidths":[100,100,100],"library.openDirectories":["D:/iona/08.Google Web Designer/Amore_1/Aboutus1/assets/03text","D:/iona/08.Google Web Designer/최종/Amore/assets/02bg","D:/iona/08.Google Web Designer/최종/Amore/assets/03text"],"library.GroupsPath":{},"library.downloadedAssets":{},"timeline.showOnlyAnimatedLayers":false}